,Unnamed: 0,acceptance-rate,act-avg,aliasNames,businessRepScore,city,cost-after-aid,displayName,engineeringRepScore,enrollment,hs-gpa-avg,institutionalControl,isPublic,nonResponder,nonResponderText,overallRank,percent-receiving-aid,primaryKey,primaryPhoto,primaryPhotoThumb,ranking,rankingDisplayName,rankingDisplayRank,rankingDisplayScore,rankingIsTied,rankingMaxPossibleScore,rankingNoteCharacter,rankingNoteText,rankingRankStatus,rankingSortRank,rankingType,region,sat-avg,schoolType,sortName,state,tuition,urlName,xwalkId,zip
0,0,7.0,32.0,,,Princeton,16793.0,Princeton University,4.1,5400.0,3.9,private,True,False,,1,60.0,2627,https://www.usnews.com/img/college-photo_31291.jpg,https://www.usnews.com/img/college-photo_31291_170x170mm.jpg,overall,National Universities,#1,100.0,False,,,,ranked,1,national-universities,,1400.0,national-universities,princetonuniversity,NJ,47140,princeton-university,186131,8544
1,1,5.0,32.0,,,Cambridge,16338.0,Harvard University,3.6,6710.0,4.0,private,True,False,,2,55.0,2155,https://www.usnews.com/img/college-photo_8866.jpg,https://www.usnews.com/img/college-photo_8866_170x170mm.jpg,overall,National Universities,#2,98.0,False,,,,ranked,2,national-universities,,1430.0,national-universities,harvarduniversity,MA,48949,harvard-university,166027,2138
2,2,8.0,32.0,UChicago,,Chicago,27767.0,University of Chicago,,5941.0,4.0,private,True,False,,3,42.0,1774,https://www.usnews.com/dims4/USNEWS/5b128f0/17177859217/resize/800x540/quality/85/?url=www.usnews.com%2Fcmsmedia%2F97%2Fa2%2F70c471924fa1ae47788aafc952b4%2F160727-univerity-of-chicago-hero-stock.jpg,https://www.usnews.com/dims4/USNEWS/196469f/17177859217/resize/170x170/quality/85/?url=www.usnews.com%2Fcmsmedia%2F97%2Fa2%2F70c471924fa1ae47788aafc952b4%2F160727-univerity-of-chicago-hero-stock.jpg,overall,National Universities,#3,96.0,True,,,,ranked,3,national-universities,,1450.0,national-universities,universityofchicago,IL,54825,university-of-chicago,144050,60637
3,3,6.0,32.0,,,New Haven,18385.0,Yale University,3.4,5472.0,,private,True,False,,3,50.0,1426,https://www.usnews.com/dims4/USNEWS/60348dd/17177859217/resize/800x540/quality/85/?url=www.usnews.com%2Fcmsmedia%2F63%2F64%2Facbcdd85417f8f9d141439d4a505%2F160727-yale-university-hero-stock.jpg,https://www.usnews.com/dims4/USNEWS/1ca230f/17177859217/resize/170x170/quality/85/?url=www.usnews.com%2Fcmsmedia%2F63%2F64%2Facbcdd85417f8f9d141439d4a505%2F160727-yale-university-hero-stock.jpg,overall,National Universities,#3,96.0,True,,,,ranked,3,national-universities,,1420.0,national-universities,yaleuniversity,CT,51400,yale-university,130794,6520
4,4,6.0,32.0,,,New York,21041.0,Columbia University,3.8,6113.0,,private,True,False,,5,48.0,2707,https://www.usnews.com/img/college-photo_19002.jpg,https://www.usnews.com/img/college-photo_19002_170x170mm.jpg,overall,National Universities,#5,95.0,True,,,,ranked,5,national-universities,,1430.0,national-universities,columbiauniversity,NY,57208,columbia-university,190150,10027
5,5,8.0,33.0,MIT,4.6,Cambridge,20331.0,Massachusetts Institute of Technology,4.9,4524.0,,private,True,False,,5,58.0,2178,https://www.usnews.com/img/college-photo_6935.jpg,https://www.usnews.com/img/college-photo_6935_170x170mm.jpg,overall,National Universities,#5,95.0,True,,,,ranked,5,national-universities,,1460.0,national-universities,massachusettsinstituteoftechnology,MA,49892,mit,166683,2139
6,6,5.0,31.0,,,Stanford,19296.0,Stanford University,4.8,7034.0,,private,True,False,,5,47.0,1305,https://www.usnews.com/img/college-photo_10369.jpg,https://www.usnews.com/img/college-photo_10369_170x170mm.jpg,overall,National Universities,#5,95.0,True,,,,ranked,5,national-universities,,1380.0,national-universities,stanforduniversity,CA,49617,stanford,243744,94305
7,7,9.0,32.0,UPenn,4.8,Philadelphia,25441.0,University of Pennsylvania,3.6,10019.0,3.9,private,True,False,,8,47.0,3378,https://www.usnews.com/img/college-photo_2743.jpg,https://www.usnews.com/img/college-photo_2743_170x170mm.jpg,overall,National Universities,#8,93.0,False,,,,ranked,8,national-universities,,1380.0,national-universities,universityofpennsylvania,PA,53534,university-of-pennsylvania,215062,19104
8,8,11.0,31.0,,,Durham,23374.0,Duke University,3.7,6609.0,,private,True,False,,9,41.0,2920,https://www.usnews.com/dims4/USNEWS/7e5b5e0/17177859217/resize/800x540/quality/85/?url=www.usnews.com%2Fcmsmedia%2F57%2F74%2Fc95b0bcc49d9972533add4f11e13%2F160728-duke-university-hero-stock.jpg,https://www.usnews.com/dims4/USNEWS/3f12795/17177859217/resize/170x170/quality/85/?url=www.usnews.com%2Fcmsmedia%2F57%2F74%2Fc95b0bcc49d9972533add4f11e13%2F160728-duke-university-hero-stock.jpg,overall,National Universities,#9,92.0,False,,,,ranked,9,national-universities,,1380.0,national-universities,dukeuniversity,NC,53744,duke-university,198419,27708
9,9,8.0,34.0,CalTech Cal Tech,,Pasadena,23973.0,California Institute of Technology,4.6,979.0,,private,True,False,,10,51.0,1131,https://www.usnews.com/img/college-photo_93.jpg,https://www.usnews.com/img/college-photo_93_170x170mm.jpg,overall,National Universities,#10,91.0,False,,,,ranked,10,national-universities,,1510.0,national-universities,californiainstituteoftechnology,CA,49908,cal-tech,110404,91125
10,10,11.0,30.0,,,Hanover,23312.0,Dartmouth College,3.2,4310.0,,private,True,False,,11,50.0,2573,https://www.usnews.com/img/college-photo_33512.jpg,https://www.usnews.com/img/college-photo_33512_170x170mm.jpg,overall,National Universities,#11,90.0,True,,,,ranked,11,national-universities,,1350.0,national-universities,dartmouthcollege,NH,52950,dartmouth-college,182670,3755
11,11,12.0,32.0,JHU,,Baltimore,30067.0,Johns Hopkins University,3.9,6117.0,3.9,private,True,False,,11,45.0,2077,https://www.usnews.com/img/college-photo_9422.jpg,https://www.usnews.com/img/college-photo_9422_170x170mm.jpg,overall,National Universities,#11,90.0,True,,,,ranked,11,national-universities,,1420.0,national-universities,johnshopkinsuniversity,MD,52170,jhu,162928,21218
12,12,11.0,32.0,,,Evanston,31087.0,Northwestern University,4.0,8353.0,,private,True,False,,11,43.0,1739,https://www.usnews.com/img/college-photo_3277.jpg,https://www.usnews.com/img/college-photo_3277_170x170mm.jpg,overall,National Universities,#11,90.0,True,,,,ranked,11,national-universities,,1400.0,national-universities,northwesternuniversity,IL,52678,northwestern,147767,60208
13,13,9.0,31.0,,,Providence,24482.0,Brown University,3.3,6926.0,,private,True,False,,14,41.0,3401,https://www.usnews.com/img/college-photo_26074.jpg,https://www.usnews.com/img/college-photo_26074_170x170mm.jpg,overall,National Universities,#14,86.0,True,,,,ranked,14,national-universities,,1370.0,national-universities,brownuniversity,RI,53419,brown-university,217156,2912
14,14,14.0,31.0,,4.2,Ithaca,28068.0,Cornell University,4.2,14566.0,,private,True,False,,14,44.0,2711,https://www.usnews.com/img/college-photo_73.jpg,https://www.usnews.com/img/college-photo_73_170x170mm.jpg,overall,National Universities,#14,86.0,True,,,,ranked,14,national-universities,,1330.0,national-universities,cornelluniversity,NY,52853,cornell-university,190415,14853
15,15,15.0,32.0,,,Houston,23996.0,Rice University,3.7,3893.0,,private,True,False,,14,37.0,3604,https://www.usnews.com/img/college-photo_5187.jpg,https://www.usnews.com/img/college-photo_5187_170x170mm.jpg,overall,National Universities,#14,86.0,True,,,,ranked,14,national-universities,,1410.0,national-universities,riceuniversity,TX,45608,rice,227757,77251
16,16,11.0,32.0,,,Nashville,23323.0,Vanderbilt University,3.4,6871.0,3.8,private,True,False,,14,46.0,3535,https://www.usnews.com/img/college-photo_313.jpg,https://www.usnews.com/img/college-photo_313_170x170mm.jpg,overall,National Universities,#14,86.0,True,,,,ranked,14,national-universities,,1420.0,national-universities,vanderbiltuniversity,TN,47664,vanderbilt,221999,37240
17,17,19.0,32.0,Notre Dame,4.1,Notre Dame,29653.0,University of Notre Dame,3.3,8530.0,,private,True,False,,18,47.0,1840,https://www.usnews.com/img/college-photo_154.jpg,https://www.usnews.com/img/college-photo_154_170x170mm.jpg,overall,National Universities,#18,85.0,True,,,,ranked,18,national-universities,,1350.0,national-universities,universityofnotredame,IN,51505,notre-dame,152080,46556
18,18,17.0,32.0,WashU Washington University in St Louis Washington University in Saint Louis,4.0,St. Louis,29245.0,Washington University in St. Louis,3.3,7540.0,,private,True,False,,18,41.0,2520,https://www.usnews.com/img/college-photo_826.jpg,https://www.usnews.com/img/college-photo_826_170x170mm.jpg,overall,National Universities,#18,85.0,True,,,,ranked,18,national-universities,,1400.0,national-universities,washingtonuniversityinstlouis,MO,51533,washington-university-st-louis,179867,63130
19,19,17.0,30.0,,3.8,Washington,29667.0,Georgetown University,,7453.0,,private,True,False,,20,34.0,1445,https://www.usnews.com/img/college-photo_27270.jpg,https://www.usnews.com/img/college-photo_27270_170x170mm.jpg,overall,National Universities,#20,80.0,False,,,,ranked,20,national-universities,,1320.0,national-universities,georgetownuniversity,DC,52300,georgetown-university,131496,20057
20,20,25.0,30.0,,3.8,Atlanta,24264.0,Emory University,,6861.0,3.7,private,True,False,,21,42.0,1564,https://www.usnews.com/img/college-photo_33208.jpg,https://www.usnews.com/img/college-photo_33208_170x170mm.jpg,overall,National Universities,#21,78.0,True,,,,ranked,21,national-universities,,1290.0,national-universities,emoryuniversity,GA,49392,emory-university,139658,30322
21,21,16.0,29.0,UC Berkeley Cal Berkeley University of California Berkeley,4.5,Berkeley,49614.0,University of California--Berkeley,4.7,29311.0,3.9,public,True,False,,21,23.0,1312,https://www.usnews.com/img/college-photo_1993.jpg,https://www.usnews.com/img/college-photo_1993_170x170mm.jpg,overall,National Universities,#21,78.0,True,,,,ranked,21,national-universities,,1300.0,national-universities,universityofcaliforniaberkeley,CA,42112,uc-berkeley,110635,94720
22,22,18.0,25.0,UCLA University of California Los Angeles,,Los Angeles,42896.0,University of California--Los Angeles,3.8,30873.0,3.9,public,True,False,,21,15.0,1315,https://www.usnews.com/img/college-photo_5631.jpg,https://www.usnews.com/img/college-photo_5631_170x170mm.jpg,overall,National Universities,#21,78.0,True,,,,ranked,21,national-universities,,1160.0,national-universities,universityofcalifornialosangeles,CA,41270,ucla,110662,90095
23,23,17.0,30.0,USC Southern Cal,4.1,Los Angeles,33112.0,University of Southern California,3.6,18794.0,3.7,private,True,False,,21,33.0,1328,https://www.usnews.com/img/college-photo_11612.jpg,https://www.usnews.com/img/college-photo_11612_170x170mm.jpg,overall,National Universities,#21,78.0,True,,,,ranked,21,national-universities,,1280.0,national-universities,universityofsoutherncalifornia,CA,54259,usc,123961,90089
24,24,22.0,31.0,CMU,4.2,Pittsburgh,33550.0,Carnegie Mellon University,4.3,6673.0,3.8,private,True,False,,25,40.0,3242,https://www.usnews.com/img/college-photo_33151.jpg,https://www.usnews.com/img/college-photo_33151_170x170mm.jpg,overall,National Universities,#25,76.0,True,,,,ranked,25,national-universities,,1380.0,national-universities,carnegiemellonuniversity,PA,53910,carnegie-mellon-university,211440,15213
25,25,30.0,29.0,UVA,4.2,Charlottesville,28079.0,University of Virginia,3.4,16331.0,4.0,public,True,False,,25,28.0,6968,https://www.usnews.com/dims4/USNEWS/f259df6/17177859217/resize/800x540/quality/85/?url=www.usnews.com%2Fcmsmedia%2F15%2Ff0%2Ffb426fc84d1298c35d1d9ef1e694%2F160727-university-of-virginia-hero-stock.jpg,https://www.usnews.com/dims4/USNEWS/b7533b9/17177859217/resize/170x170/quality/85/?url=www.usnews.com%2Fcmsmedia%2F15%2Ff0%2Ffb426fc84d1298c35d1d9ef1e694%2F160727-university-of-virginia-hero-stock.jpg,overall,National Universities,#25,76.0,True,,,,ranked,25,national-universities,,1240.0,national-universities,universityofvirginia,VA,46975,uva,234076,22904
26,26,30.0,28.0,,3.4,Winston-Salem,24241.0,Wake Forest University,,4955.0,,private,True,False,,27,30.0,2978,https://www.usnews.com/img/college-photo_11989.jpg,https://www.usnews.com/img/college-photo_11989_170x170mm.jpg,overall,National Universities,#27,75.0,False,,,,ranked,27,national-universities,,1240.0,national-universities,wakeforestuniversity,NC,51400,wake-forest,199847,27109
27,27,29.0,29.0,UM University of Michigan Ann Arbor,4.5,Ann Arbor,32856.0,University of Michigan--Ann Arbor,4.4,28983.0,3.8,public,True,False,,28,25.0,9092,https://www.usnews.com/img/college-photo_25612.jpg,https://www.usnews.com/img/college-photo_25612_170x170mm.jpg,overall,National Universities,#28,74.0,False,,,,ranked,28,national-universities,,1310.0,national-universities,universityofmichiganannarbor,MI,47476,university-of-michigan,170976,48109
28,28,14.0,31.0,,,Medford,27034.0,Tufts University,3.0,5508.0,,private,True,False,,29,34.0,2219,https://www.usnews.com/img/college-photo_8428.jpg,https://www.usnews.com/img/college-photo_8428_170x170mm.jpg,overall,National Universities,#29,72.0,False,,,,ranked,29,national-universities,,1370.0,national-universities,tuftsuniversity,MA,54318,tufts-university,168148,2155
29,29,32.0,29.0,NYU,4.3,New York,41783.0,New York University,2.9,26135.0,3.6,private,True,False,,30,46.0,2785,https://www.usnews.com/img/college-photo_6422.jpg,https://www.usnews.com/img/college-photo_6422_170x170mm.jpg,overall,National Universities,#30,71.0,True,,,,ranked,30,national-universities,,1250.0,national-universities,newyorkuniversity,NY,50464,nyu,193900,10012
30,30,27.0,27.0,UNC University of North Carolina Chapel Hill,4.2,Chapel Hill,17815.0,University of North Carolina--Chapel Hill,,18523.0,4.0,public,True,False,,30,41.0,2974,https://www.usnews.com/dims4/USNEWS/a3855fb/17177859217/resize/800x540/quality/85/?url=www.usnews.com%2Fcmsmedia%2F18%2F54%2F4235c28f487bbf38ac32dfd87b82%2F160727-university-of-north-carolina-chapel-hill-hero-stock.jpg,https://www.usnews.com/dims4/USNEWS/f737ac3/17177859217/resize/170x170/quality/85/?url=www.usnews.com%2Fcmsmedia%2F18%2F54%2F4235c28f487bbf38ac32dfd87b82%2F160727-university-of-north-carolina-chapel-hill-hero-stock.jpg,overall,National Universities,#30,71.0,True,,,,ranked,30,national-universities,,1190.0,national-universities,universityofnorthcarolinachapelhill,NC,34588,unc,199120,27599
31,31,31.0,30.0,BC,3.6,Chestnut Hill,30170.0,Boston College,,9309.0,,private,True,False,,32,35.0,2128,https://www.usnews.com/img/college-photo_16949.jpg,https://www.usnews.com/img/college-photo_16949_170x170mm.jpg,overall,National Universities,#32,70.0,True,,,,ranked,32,national-universities,,1260.0,national-universities,bostoncollege,MA,53346,boston-college,164924,2467
32,32,37.0,28.0,William & Mary,3.3,Williamsburg,42153.0,College of William and Mary,,6276.0,,public,True,False,,32,21.0,3705,https://www.usnews.com/img/college-photo_29563.jpg,https://www.usnews.com/img/college-photo_29563_170x170mm.jpg,overall,National Universities,#32,70.0,True,,,,ranked,32,national-universities,,1250.0,national-universities,collegeofwilliamandmary,VA,43099,william-and-mary,231624,23187
33,33,33.0,29.0,,2.9,Waltham,29288.0,Brandeis University,,3608.0,3.9,private,True,False,,34,47.0,2133,https://www.usnews.com/img/college-photo_20366.jpg,https://www.usnews.com/img/college-photo_20366_170x170mm.jpg,overall,National Universities,#34,68.0,True,,,,ranked,34,national-universities,,1270.0,national-universities,brandeisuniversity,MA,53582,brandeis-university,165015,2454
34,34,26.0,30.0,Georgia Tech,3.5,Atlanta,39518.0,Georgia Institute of Technology,4.6,15489.0,3.9,public,True,False,,34,15.0,1569,https://www.usnews.com/img/college-photo_17123.jpg,https://www.usnews.com/img/college-photo_17123_170x170mm.jpg,overall,National Universities,#34,68.0,True,,,,ranked,34,national-universities,,1320.0,national-universities,georgiainstituteoftechnology,GA,33014,georgia-tech,139755,30332
35,35,38.0,29.0,,,Rochester,28476.0,University of Rochester,2.7,6386.0,,private,True,False,,34,51.0,2894,https://www.usnews.com/img/college-photo_2965.jpg,https://www.usnews.com/img/college-photo_2965_170x170mm.jpg,overall,National Universities,#34,68.0,True,,,,ranked,34,national-universities,,1250.0,national-universities,universityofrochester,NY,52020,university-of-rochester,195030,14627
36,36,29.0,28.0,BU,3.4,Boston,34539.0,Boston University,3.1,17944.0,3.6,private,True,False,,37,36.0,2130,https://www.usnews.com/img/college-photo_5142.jpg,https://www.usnews.com/img/college-photo_5142_170x170mm.jpg,overall,National Universities,#37,67.0,True,,,,ranked,37,national-universities,,1220.0,national-universities,bostonuniversity,MA,52082,boston-university,164988,2215
37,37,35.0,30.0,,3.5,Cleveland,35248.0,Case Western Reserve University,3.3,5152.0,,private,True,False,,37,48.0,3024,https://www.usnews.com/img/college-photo_8800.jpg,https://www.usnews.com/img/college-photo_8800_170x170mm.jpg,overall,National Universities,#37,67.0,True,,,,ranked,37,national-universities,,1280.0,national-universities,casewesternreserveuniversity,OH,47500,case-western-reserve-university,201645,44106
38,38,36.0,25.0,UCSB UC Santa Barbara University of California Santa Barbara,,Santa Barbara,44849.0,University of California--Santa Barbara,3.4,21574.0,4.0,public,True,False,,37,8.0,1320,https://www.usnews.com/img/college-photo_1502.jpg,https://www.usnews.com/img/college-photo_1502_170x170mm.jpg,overall,National Universities,#37,67.0,True,,,,ranked,37,national-universities,,1140.0,national-universities,universityofcaliforniasantabarbara,CA,42423,ucsb,110705,93106
39,39,29.0,31.0,,3.1,Boston,38521.0,Northeastern University,3.1,13473.0,,private,True,False,,40,34.0,2199,https://www.usnews.com/img/college-photo_31421.jpg,https://www.usnews.com/img/college-photo_31421_170x170mm.jpg,overall,National Universities,#40,66.0,True,,,,ranked,40,national-universities,,1330.0,national-universities,northeasternuniversity,MA,49497,northeastern-university,167358,2115
40,40,26.0,29.0,,3.2,New Orleans,35111.0,Tulane University,2.4,6377.0,3.5,private,True,False,,40,31.0,2029,https://www.usnews.com/img/college-photo_31240.jpg,https://www.usnews.com/img/college-photo_31240_170x170mm.jpg,overall,National Universities,#40,66.0,True,,,,ranked,40,national-universities,,1250.0,national-universities,tulaneuniversity,LA,52960,tulane-university,160755,70118
41,41,44.0,28.0,RPI,3.1,Troy,35125.0,Rensselaer Polytechnic Institute,3.5,6265.0,3.9,private,True,False,,42,61.0,2803,https://www.usnews.com/img/college-photo_3861.jpg,https://www.usnews.com/img/college-photo_3861_170x170mm.jpg,overall,National Universities,#42,65.0,True,,,,ranked,42,national-universities,,1280.0,national-universities,rensselaerpolytechnicinstitute,NY,52305,rpi,194824,12180
42,42,41.0,,UC Irvine UCI University of California Irvine,3.5,Irvine,43506.0,University of California--Irvine,3.3,27331.0,4.0,public,True,False,,42,6.0,1314,https://www.usnews.com/img/college-photo_4677.jpg,https://www.usnews.com/img/college-photo_4677_170x170mm.jpg,overall,National Universities,#42,65.0,True,,,,ranked,42,national-universities,,1060.0,national-universities,universityofcaliforniairvine,CA,43530,uc-irvine,110653,92697
43,43,36.0,25.0,UCSD University of California San Diego,3.2,La Jolla,42933.0,University of California--San Diego,3.7,28127.0,4.0,public,True,False,,42,7.0,1317,https://www.usnews.com/img/college-photo_19990.jpg,https://www.usnews.com/img/college-photo_19990_170x170mm.jpg,overall,National Universities,#42,65.0,True,,,,ranked,42,national-universities,,1140.0,national-universities,universityofcaliforniasandiego,CA,44197,ucsd,110680,92093
44,44,46.0,27.0,,3.6,Gainesville,36825.0,University of Florida,3.4,34554.0,4.0,public,True,False,,42,20.0,1535,https://www.usnews.com/img/college-photo_33594.jpg,https://www.usnews.com/img/college-photo_33594_170x170mm.jpg,overall,National Universities,#42,65.0,True,,,,ranked,42,national-universities,,1180.0,national-universities,universityofflorida,FL,28658,university-of-florida,134130,32611
45,45,26.0,29.0,,2.9,Bethlehem,25376.0,Lehigh University,3.2,5080.0,,private,True,False,,46,38.0,3289,https://www.usnews.com/img/college-photo_17635.jpg,https://www.usnews.com/img/college-photo_17635_170x170mm.jpg,overall,National Universities,#46,64.0,True,,,,ranked,46,national-universities,,1230.0,national-universities,lehighuniversity,PA,50740,lehigh-university,213543,18015
46,46,37.0,26.0,,3.2,Malibu,32416.0,Pepperdine University,,3542.0,3.6,private,True,False,,46,51.0,1264,https://www.usnews.com/img/college-photo_6515.jpg,https://www.usnews.com/img/college-photo_6515_170x170mm.jpg,overall,National Universities,#46,64.0,True,,,,ranked,46,national-universities,,1110.0,national-universities,pepperdineuniversity,CA,51992,pepperdine-university,121150,90263
47,47,42.0,24.0,UC Davis University of California Davis,,Davis,44075.0,University of California--Davis,3.5,29546.0,4.0,public,True,False,,46,9.0,1313,https://www.usnews.com/img/college-photo_9832.jpg,https://www.usnews.com/img/college-photo_9832_170x170mm.jpg,overall,National Universities,#46,64.0,True,,,,ranked,46,national-universities,,1050.0,national-universities,universityofcaliforniadavis,CA,42396,uc-davis,110644,95616
48,48,38.0,28.0,,3.1,Coral Gables,34479.0,University of Miami,2.5,10849.0,3.6,private,True,False,,46,33.0,1536,https://www.usnews.com/img/college-photo_11206.jpg,https://www.usnews.com/img/college-photo_11206_170x170mm.jpg,overall,National Universities,#46,64.0,True,,,,ranked,46,national-universities,,1210.0,national-universities,universityofmiami,FL,48484,university-of-miami,135726,33124
49,49,53.0,27.0,University of Wisconsin Madison,3.8,Madison,36113.0,University of Wisconsin--Madison,3.9,31710.0,3.8,public,True,False,,46,16.0,3895,https://www.usnews.com/dims4/USNEWS/053ddc4/17177859217/resize/800x540/quality/85/?url=www.usnews.com%2Fcmsmedia%2Fd8%2Fdf%2Fb5b3d7b14e05a69c4dece73d9056%2F160727-university-of-wisconsin-madison-hero-stock.jpg,https://www.usnews.com/dims4/USNEWS/c10b577/17177859217/resize/170x170/quality/85/?url=www.usnews.com%2Fcmsmedia%2Fd8%2Fdf%2Fb5b3d7b14e05a69c4dece73d9056%2F160727-university-of-wisconsin-madison-hero-stock.jpg,overall,National Universities,#46,64.0,True,,,,ranked,46,national-universities,,1234.0,national-universities,universityofwisconsinmadison,WI,34782,university-of-wisconsin,240444,53706
50,50,44.0,30.0,,3.2,Villanova,35459.0,Villanova University,2.5,6999.0,3.7,private,True,False,,46,44.0,3388,https://www.usnews.com/img/college-photo_32097.jpg,https://www.usnews.com/img/college-photo_32097_170x170mm.jpg,overall,National Universities,#46,64.0,True,,,,ranked,46,national-universities,,1220.0,national-universities,villanovauniversity,PA,51434,villanova,216597,19085
51,51,56.0,25.0,Penn State Pennsylvania State University University Park,3.7,University Park,41789.0,Pennsylvania State University--University Park,3.7,41359.0,3.6,public,True,False,,52,14.0,6965,https://www.usnews.com/img/college-photo_5817.jpg,https://www.usnews.com/img/college-photo_5817_170x170mm.jpg,overall,National Universities,#52,63.0,True,,,,ranked,52,national-universities,,1090.0,national-universities,pennsylvaniastateuniversityuniversitypark,PA,33664,penn-state,214777,16802
52,52,60.0,26.0,University of Illinois Urbana Champaign,3.8,Champaign,35977.0,University of Illinois--Urbana-Champaign,4.4,33932.0,,public,True,False,,52,9.0,1775,https://www.usnews.com/img/college-photo_12941.jpg,https://www.usnews.com/img/college-photo_12941_170x170mm.jpg,overall,National Universities,#52,63.0,True,,,,ranked,52,national-universities,,1280.0,national-universities,universityofillinoisurbanachampaign,IL,31988,uiuc,145637,61820
53,53,54.0,27.0,OSU  Ohio State University Columbus,3.8,Columbus,37032.0,Ohio State University--Columbus,3.5,45831.0,,public,True,False,,54,9.0,6883,https://www.usnews.com/img/college-photo_21645.jpg,https://www.usnews.com/img/college-photo_21645_170x170mm.jpg,overall,National Universities,#54,62.0,True,,,,ranked,54,national-universities,,1160.0,national-universities,ohiostateuniversitycolumbus,OH,29659,ohio-state,204796,43210
54,54,54.0,26.0,UGA,3.6,Athens,30943.0,University of Georgia,2.3,27951.0,4.0,public,True,False,,54,13.0,1598,https://www.usnews.com/img/college-photo_145.jpg,https://www.usnews.com/img/college-photo_145_170x170mm.jpg,overall,National Universities,#54,62.0,True,,,,ranked,54,national-universities,,1140.0,national-universities,universityofgeorgia,GA,30392,university-of-georgia,139959,30602
55,55,40.0,27.0,GW GWU,3.3,Washington,37996.0,George Washington University,2.6,11504.0,,private,True,False,,56,43.0,1444,https://www.usnews.com/img/college-photo_25925.jpg,https://www.usnews.com/img/college-photo_25925_170x170mm.jpg,overall,National Universities,#56,61.0,True,,,,ranked,56,national-universities,,1180.0,national-universities,georgewashingtonuniversity,DC,53518,gwu,131469,20052
56,56,56.0,25.0,Purdue University West Lafayette Purdue University West Lafayette,3.6,West Lafayette,28383.0,Purdue University--West Lafayette,4.3,30043.0,3.7,public,True,False,,56,16.0,1825,https://www.usnews.com/dims4/USNEWS/75e5b60/17177859217/resize/800x540/quality/85/?url=www.usnews.com%2Fcmsmedia%2Ff5%2Fdc%2F43629c7a45e9ada232646cba0bec%2F160728-purdue-university-hero-stock.jpg,https://www.usnews.com/dims4/USNEWS/6a28209/17177859217/resize/170x170/quality/85/?url=www.usnews.com%2Fcmsmedia%2Ff5%2Fdc%2F43629c7a45e9ada232646cba0bec%2F160728-purdue-university-hero-stock.jpg,overall,National Universities,#56,61.0,True,,,,ranked,56,national-universities,,1080.0,national-universities,purdueuniversitywestlafayette,IN,28804,purdue,243780,47907
57,57,49.0,26.0,UConn,3.2,Storrs,37427.0,University of Connecticut,2.9,19324.0,,public,True,False,,56,33.0,29013,https://www.usnews.com/img/college-photo_18368.jpg,https://www.usnews.com/img/college-photo_18368_170x170mm.jpg,overall,National Universities,#56,61.0,True,,,,ranked,56,national-universities,,1130.0,national-universities,universityofconnecticut,CT,36948,uconn,129020,6269
58,58,40.0,26.0,UT Austin University of Texas Austin,4.3,Austin,40558.0,University of Texas--Austin,4.1,40168.0,,public,True,False,,56,7.0,3658,https://www.usnews.com/img/college-photo_6552.jpg,https://www.usnews.com/img/college-photo_6552_170x170mm.jpg,overall,National Universities,#56,61.0,True,,,,ranked,56,national-universities,,1140.0,national-universities,universityoftexasaustin,TX,35766,university-of-texas,228778,78712
59,59,45.0,26.0,,3.6,Seattle,47746.0,University of Washington,3.7,30933.0,3.8,public,True,False,,56,20.0,3798,https://www.usnews.com/img/college-photo_4740.jpg,https://www.usnews.com/img/college-photo_4740_170x170mm.jpg,overall,National Universities,#56,61.0,True,,,,ranked,56,national-universities,,1120.0,national-universities,universityofwashington,WA,35538,university-of-washington,236948,98195
60,60,51.0,27.0,BYU Provo Brigham Young University Provo,3.5,Provo,13186.0,Brigham Young University--Provo,2.6,30979.0,3.8,private,True,False,,61,38.0,3670,https://www.usnews.com/img/college-photo_88.jpg,https://www.usnews.com/img/college-photo_88_170x170mm.jpg,overall,National Universities,#61,60.0,True,,,,ranked,61,national-universities,,1160.0,national-universities,brighamyounguniversityprovo,UT,5460,byu,230038,84602
61,61,45.0,27.0,,3.1,New York,,Fordham University,,9258.0,3.6,private,True,False,,61,,2722,https://www.usnews.com/img/college-photo_12860.jpg,https://www.usnews.com/img/college-photo_12860_170x170mm.jpg,overall,National Universities,#61,60.0,True,,,,ranked,61,national-universities,,1170.0,national-universities,fordhamuniversity,NY,50601,fordham-university,191241,10023
62,62,49.0,28.0,SMU,3.2,Dallas,47874.0,Southern Methodist University,2.5,6521.0,3.7,private,True,False,,61,24.0,3613,https://www.usnews.com/img/college-photo_15195.jpg,https://www.usnews.com/img/college-photo_15195_170x170mm.jpg,overall,National Universities,#61,60.0,True,,,,ranked,61,national-universities,,1220.0,national-universities,southernmethodistuniversity,TX,52498,smu,228246,75275
63,63,52.0,25.0,,3.3,Syracuse,33912.0,Syracuse University,2.6,15218.0,3.6,private,True,False,,61,48.0,2882,https://www.usnews.com/img/college-photo_1554.jpg,https://www.usnews.com/img/college-photo_1554_170x170mm.jpg,overall,National Universities,#61,60.0,True,,,,ranked,61,national-universities,,1090.0,national-universities,syracuseuniversity,NY,46755,syracuse-university,196413,13244
64,64,48.0,28.0,UMD UMCP University of Maryland College Park,3.7,College Park,36786.0,University of Maryland--College Park,3.6,28472.0,4.0,public,True,False,,61,20.0,2103,https://www.usnews.com/img/college-photo_23577.jpg,https://www.usnews.com/img/college-photo_23577_170x170mm.jpg,overall,National Universities,#61,60.0,True,,,,ranked,61,national-universities,,1210.0,national-universities,universityofmarylandcollegepark,MD,33606,university-of-maryland,163286,20742
65,65,48.0,28.0,WPI,2.6,Worcester,39995.0,Worcester Polytechnic Institute,2.9,4432.0,3.8,private,True,False,,61,62.0,2233,,,overall,National Universities,#61,60.0,True,,,,ranked,61,national-universities,,1200.0,national-universities,worcesterpolytechnicinstitute,MA,48628,wpi,168421,1609
66,66,51.0,26.0,,3.0,Clemson,38923.0,Clemson University,3.0,18599.0,4.0,public,True,False,,67,7.0,3425,https://www.usnews.com/img/college-photo_23072.jpg,https://www.usnews.com/img/college-photo_23072_170x170mm.jpg,overall,National Universities,#67,59.0,False,,,,ranked,67,national-universities,,1150.0,national-universities,clemsonuniversity,SC,35654,clemson-university,217882,29634
67,67,55.0,27.0,Pitt,3.5,Pittsburgh,,University of Pittsburgh,3.1,19123.0,4.0,public,True,False,,68,,3379,https://www.usnews.com/dims4/USNEWS/2c70410/17177859217/resize/800x540/quality/85/?url=www.usnews.com%2Fcmsmedia%2Fa2%2F52%2F1fc8593741dbb315ac116e40eae4%2F160727-university-of-pittsburgh-hero-stock.jpg,https://www.usnews.com/dims4/USNEWS/bef9aad/17177859217/resize/170x170/quality/85/?url=www.usnews.com%2Fcmsmedia%2Fa2%2F52%2F1fc8593741dbb315ac116e40eae4%2F160727-university-of-pittsburgh-hero-stock.jpg,overall,National Universities,#68,58.0,False,,,,ranked,68,national-universities,,1190.0,national-universities,universityofpittsburgh,PA,30642,university-of-pittsburgh,215293,15260
68,68,26.0,26.0,,2.9,Washington,36076.0,American University,,7901.0,3.7,private,True,False,,69,46.0,1434,,,overall,National Universities,#69,57.0,True,,,,ranked,69,national-universities,,1150.0,national-universities,americanuniversity,DC,46615,american-university,131159,20016
69,69,57.0,,"Rutgers University Rutgers, the State University of New Jersey New Brunswick",3.0,Piscataway,40121.0,Rutgers University--New Brunswick,3.1,36168.0,,public,True,False,,69,13.0,6964,https://www.usnews.com/img/college-photo_10352.jpg,https://www.usnews.com/img/college-photo_10352_170x170mm.jpg,overall,National Universities,#69,57.0,True,,,,ranked,69,national-universities,,1110.0,national-universities,rutgersuniversitynewbrunswick,NJ,30023,rutgers-new-brunswick,186380,8854
70,70,39.0,29.0,,2.5,Hoboken,51810.0,Stevens Institute of Technology,2.7,3021.0,3.8,private,True,False,,69,40.0,2639,https://www.usnews.com/img/college-photo_26182.jpg,https://www.usnews.com/img/college-photo_26182_170x170mm.jpg,overall,National Universities,#69,57.0,True,,,,ranked,69,national-universities,,1260.0,national-universities,stevensinstituteoftechnology,NJ,50554,stevens-institute-of-technology,186867,7030
71,71,66.0,24.0,Texas A & M University--College Station Texas A and M University--College Station Texas A&M University College Station,3.5,College Station,26376.0,Texas A&M University--College Station,3.9,50735.0,,public,True,False,,69,41.0,10366,https://www.usnews.com/img/college-photo_22984.jpg,https://www.usnews.com/img/college-photo_22984_170x170mm.jpg,overall,National Universities,#69,57.0,True,,,,ranked,69,national-universities,,1070.0,national-universities,texasamuniversitycollegestation,TX,30208,texas-am-college-station,228723,77843
72,72,44.0,26.0,University of Minnesota Twin Cities,3.8,Minneapolis,28170.0,University of Minnesota--Twin Cities,3.6,34871.0,,public,True,False,,69,23.0,3969,https://www.usnews.com/img/college-photo_25995.jpg,https://www.usnews.com/img/college-photo_25995_170x170mm.jpg,overall,National Universities,#69,57.0,True,,,,ranked,69,national-universities,,1180.0,national-universities,universityofminnesotatwincities,MN,26603,university-of-minnesota,174066,55455
73,73,71.0,,,3.2,Blacksburg,,Virginia Tech,3.9,25791.0,3.9,public,True,False,,69,,3754,https://www.usnews.com/img/college-photo_32777.jpg,https://www.usnews.com/img/college-photo_32777_170x170mm.jpg,overall,National Universities,#69,57.0,True,,,,ranked,69,national-universities,,1100.0,national-universities,virginiatech,VA,29371,virginia-tech,233921,24061
74,74,40.0,26.0,,3.1,Waco,36761.0,Baylor University,2.4,14348.0,,private,True,False,,75,53.0,6967,https://www.usnews.com/img/college-photo_33114.jpg,https://www.usnews.com/img/college-photo_33114_170x170mm.jpg,overall,National Universities,#75,56.0,True,,,,ranked,75,national-universities,,1120.0,national-universities,bayloruniversity,TX,43790,baylor-university,223232,76798
75,75,40.0,29.0,,,Golden,47042.0,Colorado School of Mines,3.1,4612.0,3.8,public,True,False,,75,21.0,1348,https://www.usnews.com/img/college-photo_31014.jpg,https://www.usnews.com/img/college-photo_31014_170x170mm.jpg,overall,National Universities,#75,56.0,True,,,,ranked,75,national-universities,,1250.0,national-universities,coloradoschoolofmines,CO,37436,colorado-school-of-mines,126775,80401
76,76,60.0,25.0,UMass Amherst University of Massachusetts Amherst,3.2,Amherst,35445.0,University of Massachusetts--Amherst,2.9,23373.0,3.8,public,True,False,,75,35.0,2221,https://www.usnews.com/img/college-photo_25790.jpg,https://www.usnews.com/img/college-photo_25790_170x170mm.jpg,overall,National Universities,#75,56.0,True,,,,ranked,75,national-universities,,1130.0,national-universities,universityofmassachusettsamherst,MA,33662,umass-amherst,166629,1003
77,77,65.0,26.0,Miami University Oxford Miami University Oxford,3.2,Oxford,42507.0,Miami University--Oxford,3.1,16981.0,3.8,public,True,False,,78,10.0,7104,https://www.usnews.com/img/college-photo_1631.jpg,https://www.usnews.com/img/college-photo_1631_170x170mm.jpg,overall,National Universities,#78,55.0,True,,,,ranked,78,national-universities,,1130.0,national-universities,miamiuniversityoxford,OH,32768,miami-university,204024,45056
78,78,38.0,25.0,TCU,3.0,Fort Worth,33953.0,Texas Christian University,2.9,8891.0,,private,True,False,,78,35.0,3636,https://www.usnews.com/img/college-photo_3211.jpg,https://www.usnews.com/img/college-photo_3211_170x170mm.jpg,overall,National Universities,#78,55.0,True,,,,ranked,78,national-universities,,1070.0,national-universities,texaschristianuniversity,TX,44760,tcu,228875,76129
79,79,84.0,23.0,,3.5,Iowa City,32794.0,University of Iowa,2.9,24476.0,3.6,public,True,False,,78,34.0,1892,https://www.usnews.com/img/college-photo_26755.jpg,https://www.usnews.com/img/college-photo_26755_170x170mm.jpg,overall,National Universities,#78,55.0,True,,,,ranked,78,national-universities,,1020.0,national-universities,universityofiowa,IA,28813,university-of-iowa,153658,52242
80,80,55.0,27.0,,2.5,Worcester,27702.0,Clark University,,2289.0,3.7,private,True,False,,81,62.0,2139,https://www.usnews.com/img/college-photo_20158.jpg,https://www.usnews.com/img/college-photo_20158_170x170mm.jpg,overall,National Universities,#81,54.0,True,,,,ranked,81,national-universities,,1110.0,national-universities,clarkuniversity,MA,44400,clark-university-massachusetts,165334,1610
81,81,58.0,25.0,FSU,3.2,Tallahassee,34036.0,Florida State University,,32929.0,,public,True,False,,81,27.0,1489,https://www.usnews.com/img/college-photo_12279.jpg,https://www.usnews.com/img/college-photo_12279_170x170mm.jpg,overall,National Universities,#81,54.0,True,,,,ranked,81,national-universities,,1110.0,national-universities,floridastateuniversity,FL,21673,fsu,134097,32306
82,82,66.0,24.0,MSU,3.6,East Lansing,47279.0,Michigan State University,3.1,39090.0,3.7,public,True,False,,81,5.0,2290,https://www.usnews.com/img/college-photo_15870.jpg,https://www.usnews.com/img/college-photo_15870_170x170mm.jpg,overall,National Universities,#81,54.0,True,,,,ranked,81,national-universities,,990.0,national-universities,michiganstateuniversity,MI,39405,michigan-state,171100,48824
83,83,46.0,27.0,NC State North Carolina State University Raleigh,2.9,Raleigh,25623.0,North Carolina State University--Raleigh,3.4,23847.0,3.7,public,True,False,,81,41.0,2972,https://www.usnews.com/img/college-photo_11019.jpg,https://www.usnews.com/img/college-photo_11019_170x170mm.jpg,overall,National Universities,#81,54.0,True,,,,ranked,81,national-universities,,1170.0,national-universities,northcarolinastateuniversityraleigh,NC,27406,north-carolina-state-raleigh,199193,27695
84,84,59.0,23.0,UC Santa Cruz University of California Santa Cruz,,Santa Cruz,47616.0,University of California--Santa Cruz,2.5,16962.0,3.7,public,True,False,,81,18.0,1321,https://www.usnews.com/img/college-photo_4118.jpg,https://www.usnews.com/img/college-photo_4118_170x170mm.jpg,overall,National Universities,#81,54.0,True,,,,ranked,81,national-universities,,1060.0,national-universities,universityofcaliforniasantacruz,CA,42042,ucsc,110714,95064
85,85,65.0,23.0,,3.0,Newark,,University of Delaware,3.0,18374.0,3.7,public,True,False,,81,,1431,https://www.usnews.com/img/college-photo_4016.jpg,https://www.usnews.com/img/college-photo_4016_170x170mm.jpg,overall,National Universities,#81,54.0,True,,,,ranked,81,national-universities,,1090.0,national-universities,universityofdelaware,DE,32250,university-of-delaware,130943,19716
86,86,41.0,28.0,Binghamton University SUNY Binghamton Binghamton University SUNY,2.7,Binghamton,29356.0,Binghamton University--SUNY,2.3,13632.0,3.7,public,True,False,,87,54.0,2836,https://www.usnews.com/img/college-photo_21388.jpg,https://www.usnews.com/img/college-photo_21388_170x170mm.jpg,overall,National Universities,#87,53.0,True,,,,ranked,87,national-universities,,1230.0,national-universities,binghamtonuniversitysuny,NY,24403,suny-binghamton,196079,13902
87,87,53.0,26.0,DU,2.9,Denver,31393.0,University of Denver,2.0,5754.0,3.7,private,True,False,,87,40.0,1371,https://www.usnews.com/img/college-photo_7142.jpg,https://www.usnews.com/img/college-photo_7142_170x170mm.jpg,overall,National Universities,#87,53.0,True,,,,ranked,87,national-universities,,1110.0,national-universities,universityofdenver,CO,48669,university-denver,127060,80208
88,88,37.0,26.0,,2.5,Tulsa,49957.0,University of Tulsa,2.2,3406.0,3.9,private,True,False,,87,15.0,3185,https://www.usnews.com/img/college-photo_20596.jpg,https://www.usnews.com/img/college-photo_20596_170x170mm.jpg,overall,National Universities,#87,53.0,True,,,,ranked,87,national-universities,,1120.0,national-universities,universityoftulsa,OK,39502,university-of-tulsa,207971,74104
89,89,79.0,24.0,IU Bloomington Indiana University Bloomington,4.1,Bloomington,37563.0,Indiana University--Bloomington,,39184.0,3.7,public,True,False,,90,16.0,1809,https://www.usnews.com/img/college-photo_3065.jpg,https://www.usnews.com/img/college-photo_3065_170x170mm.jpg,overall,National Universities,#90,52.0,True,,,,ranked,90,national-universities,,1060.0,national-universities,indianauniversitybloomington,IN,34845,indiana-university,151351,47405
90,90,74.0,24.0,,2.9,Milwaukee,32894.0,Marquette University,2.4,8238.0,,private,True,False,,90,55.0,3863,https://www.usnews.com/img/college-photo_7947.jpg,https://www.usnews.com/img/college-photo_7947_170x170mm.jpg,overall,National Universities,#90,52.0,True,,,,ranked,90,national-universities,,1040.0,national-universities,marquetteuniversity,WI,39900,marquette-university,239105,53201
91,91,77.0,25.0,CU Boulder University of Colorado Boulder,3.5,Boulder,41125.0,University of Colorado--Boulder,3.5,27846.0,3.7,public,True,False,,90,12.0,1370,https://www.usnews.com/img/college-photo_31810.jpg,https://www.usnews.com/img/college-photo_31810_170x170mm.jpg,overall,National Universities,#90,52.0,True,,,,ranked,90,national-universities,,1070.0,national-universities,universityofcoloradoboulder,CO,35079,cu-boulder,126614,80309
92,92,51.0,26.0,,2.8,San Diego,36861.0,University of San Diego,3.5,5711.0,3.9,private,True,False,,90,48.0,10395,https://www.usnews.com/img/college-photo_8416.jpg,https://www.usnews.com/img/college-photo_8416_170x170mm.jpg,overall,National Universities,#90,52.0,True,,,,ranked,90,national-universities,,1100.0,national-universities,universityofsandiego,CA,47708,university-of-san-diego,122436,92110
93,93,75.0,25.0,,2.8,Philadelphia,42176.0,Drexel University,3.0,13251.0,3.7,private,True,False,,94,54.0,3256,https://www.usnews.com/img/college-photo_12760.jpg,https://www.usnews.com/img/college-photo_12760_170x170mm.jpg,overall,National Universities,#94,51.0,True,,,,ranked,94,national-universities,,1080.0,national-universities,drexeluniversity,PA,52002,drexel-university,212054,19104
94,94,65.0,24.0,St Louis University Saint Louis University,2.9,St. Louis,28328.0,Saint Louis University,2.2,7454.0,3.9,private,True,False,,94,51.0,2506,https://www.usnews.com/img/college-photo_25643.jpg,https://www.usnews.com/img/college-photo_25643_170x170mm.jpg,overall,National Universities,#94,51.0,True,,,,ranked,94,national-universities,,1120.0,national-universities,saintlouisuniversity,MO,42166,st-louis-university,179159,63103
95,95,51.0,23.0,,2.3,New York,34756.0,Yeshiva University,,2714.0,3.5,private,True,False,,94,46.0,2903,https://www.usnews.com/img/college-photo_12207.jpg,https://www.usnews.com/img/college-photo_12207_170x170mm.jpg,overall,National Universities,#94,51.0,True,,,,ranked,94,national-universities,,1090.0,national-universities,yeshivauniversity,NY,42000,yeshiva-university,197708,10033
96,96,55.0,26.0,RIT,3.1,Rochester,31793.0,Rochester Institute of Technology,2.9,12410.0,,private,True,False,,97,70.0,2806,https://www.usnews.com/img/college-photo_3141.jpg,https://www.usnews.com/img/college-photo_3141_170x170mm.jpg,overall,National Universities,#97,50.0,True,,,,ranked,97,national-universities,,1140.0,national-universities,rochesterinstituteoftechnology,NY,40068,rit,195003,14623
97,97,41.0,26.0,Stony Brook SUNY Stony Brook Stony Brook University SUNY,,Stony Brook,34024.0,Stony Brook University--SUNY,2.8,17026.0,3.8,public,True,False,,97,13.0,2838,https://www.usnews.com/img/college-photo_30011.jpg,https://www.usnews.com/img/college-photo_30011_170x170mm.jpg,overall,National Universities,#97,50.0,True,,,,ranked,97,national-universities,,1150.0,national-universities,stonybrookuniversitysuny,NY,26297,stony-brook-suny,196097,11794
98,98,54.0,23.0,SUNY ESF,,Syracuse,,SUNY College of Environmental Science and Forestry,2.0,1755.0,3.7,public,True,False,,97,,2851,https://www.usnews.com/img/college-photo_29342.jpg,https://www.usnews.com/img/college-photo_29342_170x170mm.jpg,overall,National Universities,#97,50.0,True,,,,ranked,97,national-universities,,1070.0,national-universities,sunycollegeofenvironmentalscienceandforestry,NY,18090,suny-environmental-science-and-forestry,196103,13210
99,99,59.0,24.0,SUNY Buffalo University at Buffalo SUNY,3.0,Buffalo,37040.0,University at Buffalo--SUNY,2.8,20411.0,3.6,public,True,False,,97,28.0,9554,https://www.usnews.com/img/college-photo_32779.jpg,https://www.usnews.com/img/college-photo_32779_170x170mm.jpg,overall,National Universities,#97,50.0,True,,,,ranked,97,national-universities,,1070.0,national-universities,universityatbuffalosuny,NY,26270,ub,196088,14214
100,100,71.0,23.0,,3.1,Norman,35144.0,University of Oklahoma,2.6,22436.0,3.6,public,True,False,,97,13.0,3184,https://www.usnews.com/img/college-photo_13004.jpg,https://www.usnews.com/img/college-photo_13004_170x170mm.jpg,overall,National Universities,#97,50.0,True,,,,ranked,97,national-universities,,1060.0,national-universities,universityofoklahoma,OK,24443,university-of-oklahoma,207500,73019
101,101,69.0,25.0,UVM,2.6,Burlington,36399.0,University of Vermont,2.3,11159.0,3.6,public,True,False,,97,48.0,3696,https://www.usnews.com/img/college-photo_943.jpg,https://www.usnews.com/img/college-photo_943_170x170mm.jpg,overall,National Universities,#97,50.0,True,,,,ranked,97,national-universities,,1100.0,national-universities,universityofvermont,VT,41356,university-of-vermont,231174,5405
102,102,81.0,24.0,AU,3.1,Auburn,39912.0,Auburn University,3.0,22658.0,3.9,public,True,False,,103,16.0,1009,https://www.usnews.com/img/college-photo_11860.jpg,https://www.usnews.com/img/college-photo_11860_170x170mm.jpg,overall,National Universities,#103,49.0,True,,,,ranked,103,national-universities,,1060.0,national-universities,auburnuniversity,AL,29640,auburn-university,100858,36849
103,103,57.0,26.0,Illinois Tech IIT,2.3,Chicago,29116.0,Illinois Institute of Technology,2.8,2944.0,4.0,private,True,False,,103,62.0,1691,https://www.usnews.com/img/college-photo_20087.jpg,https://www.usnews.com/img/college-photo_20087_170x170mm.jpg,overall,National Universities,#103,49.0,True,,,,ranked,103,national-universities,,1130.0,national-universities,illinoisinstituteoftechnology,IL,45864,iit,145725,60616
104,104,73.0,24.0,,3.0,Chicago,38093.0,Loyola University Chicago,,11129.0,3.7,private,True,False,,103,64.0,1710,https://www.usnews.com/img/college-photo_29455.jpg,https://www.usnews.com/img/college-photo_29455_170x170mm.jpg,overall,National Universities,#103,49.0,True,,,,ranked,103,national-universities,,1030.0,national-universities,loyolauniversitychicago,IL,42828,loyola-chicago,146719,60660
105,105,76.0,22.0,UNH,2.6,Durham,34826.0,University of New Hampshire,2.3,12871.0,3.5,public,True,False,,103,56.0,2589,https://www.usnews.com/dims4/USNEWS/24e3183/17177859217/resize/800x540/quality/85/?url=www.usnews.com%2Fcmsmedia%2Fc3%2F28%2F2bd2b5db45879981364aa748b2f4%2F160727-university-of-new-hampshire-hero-stock.jpg,https://www.usnews.com/dims4/USNEWS/4d9b324/17177859217/resize/170x170/quality/85/?url=www.usnews.com%2Fcmsmedia%2Fc3%2F28%2F2bd2b5db45879981364aa748b2f4%2F160727-university-of-new-hampshire-hero-stock.jpg,overall,National Universities,#103,49.0,True,,,,ranked,103,national-universities,,990.0,national-universities,universityofnewhampshire,NH,32637,university-of-new-hampshire,183044,3824
106,106,78.0,22.0,,3.1,Eugene,42682.0,University of Oregon,,20049.0,3.6,public,True,False,,103,7.0,3223,https://www.usnews.com/dims4/USNEWS/54b5df6/17177859217/resize/800x540/quality/85/?url=www.usnews.com%2Fcmsmedia%2F19%2Fba%2F44c3c0f940f1833dc887f8f5f20b%2F160727-university-of-oregon-hero-stock.jpg,https://www.usnews.com/dims4/USNEWS/b7a014c/17177859217/resize/170x170/quality/85/?url=www.usnews.com%2Fcmsmedia%2F19%2Fba%2F44c3c0f940f1833dc887f8f5f20b%2F160727-university-of-oregon-hero-stock.jpg,overall,National Universities,#103,49.0,True,,,,ranked,103,national-universities,,980.0,national-universities,universityoforegon,OR,34611,university-of-oregon,209551,97403
107,107,68.0,25.0,USC,3.2,Columbia,41810.0,University of South Carolina,2.4,25556.0,,public,True,False,,103,8.0,3448,https://www.usnews.com/img/college-photo_19707.jpg,https://www.usnews.com/img/college-photo_19707_170x170mm.jpg,overall,National Universities,#103,49.0,True,,,,ranked,103,national-universities,,1120.0,national-universities,universityofsouthcarolina,SC,32362,university-of-south-carolina,218663,29208
108,108,77.0,24.0,,3.2,Knoxville,39170.0,University of Tennessee,2.9,22139.0,3.9,public,True,False,,103,33.0,3530,https://www.usnews.com/img/college-photo_33614.jpg,https://www.usnews.com/img/college-photo_33614_170x170mm.jpg,overall,National Universities,#103,49.0,True,,,,ranked,103,national-universities,,1040.0,national-universities,universityoftennessee,TN,31160,university-of-tennessee,221759,37996
109,109,30.0,22.0,HU,2.7,Washington,33124.0,Howard University,2.2,5899.0,3.5,private,True,False,,110,50.0,1448,,,overall,National Universities,#110,48.0,True,,,,ranked,110,national-universities,,1040.0,national-universities,howarduniversity,DC,25697,howard-university,131520,20059
110,110,53.0,23.0,,3.2,Tuscaloosa,26861.0,University of Alabama,2.5,32563.0,3.7,public,True,False,,110,27.0,1051,https://www.usnews.com/img/college-photo_31168.jpg,https://www.usnews.com/img/college-photo_31168_170x170mm.jpg,overall,National Universities,#110,48.0,True,,,,ranked,110,national-universities,,980.0,national-universities,universityofalabama,AL,28100,university-of-alabama,100751,35487
111,111,71.0,23.0,USF,2.8,San Francisco,42433.0,University of San Francisco,,6745.0,3.4,private,True,False,,110,46.0,1325,https://www.usnews.com/img/college-photo_1190.jpg,https://www.usnews.com/img/college-photo_1190_170x170mm.jpg,overall,National Universities,#110,48.0,True,,,,ranked,110,national-universities,,1030.0,national-universities,universityofsanfrancisco,CA,46250,university-san-francisco,122612,94117
112,112,66.0,23.0,,2.2,Stockton,37188.0,University of the Pacific,2.9,3483.0,3.5,private,True,False,,110,67.0,1329,https://www.usnews.com/img/college-photo_3876.jpg,https://www.usnews.com/img/college-photo_3876_170x170mm.jpg,overall,National Universities,#110,48.0,True,,,,ranked,110,national-universities,,1030.0,national-universities,universityofthepacific,CA,46346,university-of-the-pacific,120883,95211
113,113,76.0,21.0,,3.2,Salt Lake City,35873.0,University of Utah,2.9,23789.0,3.6,public,True,False,,110,11.0,3675,https://www.usnews.com/img/college-photo_20743.jpg,https://www.usnews.com/img/college-photo_20743_170x170mm.jpg,overall,National Universities,#110,48.0,True,,,,ranked,110,national-universities,,1050.0,national-universities,universityofutah,UT,26408,university-of-utah,230764,84112
114,114,83.0,22.0,ASU,3.6,Tempe,37446.0,Arizona State University--Tempe,3.3,42477.0,3.5,public,True,False,,115,31.0,1081,https://www.usnews.com/dims4/USNEWS/fc8052b/17177859217/resize/800x540/quality/85/?url=www.usnews.com%2Fcmsmedia%2F71%2Fed%2F6ab2635c41809a5cb31a43aea767%2F160727-arizona-state-university-hero-stock.jpg,https://www.usnews.com/dims4/USNEWS/398e22d/17177859217/resize/170x170/quality/85/?url=www.usnews.com%2Fcmsmedia%2F71%2Fed%2F6ab2635c41809a5cb31a43aea767%2F160727-arizona-state-university-hero-stock.jpg,overall,National Universities,#115,47.0,True,,,,ranked,115,national-universities,,1020.0,national-universities,arizonastateuniversitytempe,AZ,27372,asu,104151,85287
115,115,87.0,22.0,,3.0,Ames,27241.0,Iowa State University,3.3,30671.0,3.6,public,True,False,,115,34.0,1869,https://www.usnews.com/img/college-photo_245.jpg,https://www.usnews.com/img/college-photo_245_170x170mm.jpg,overall,National Universities,#115,47.0,True,,,,ranked,115,national-universities,,980.0,national-universities,iowastateuniversity,IA,22256,iowa-state-university,153603,50011
116,116,52.0,24.0,,3.2,Philadelphia,35109.0,Temple University,2.2,29275.0,3.6,public,True,False,,115,37.0,3371,https://www.usnews.com/img/college-photo_21951.jpg,https://www.usnews.com/img/college-photo_21951_170x170mm.jpg,overall,National Universities,#115,47.0,True,,,,ranked,115,national-universities,,1050.0,national-universities,templeuniversity,PA,27266,temple-university,216339,19122
117,117,93.0,23.0,KU,3.2,Lawrence,30962.0,University of Kansas,2.7,19262.0,3.6,public,True,False,,115,30.0,1948,https://www.usnews.com/dims4/USNEWS/3c89a9f/17177859217/resize/800x540/quality/85/?url=www.usnews.com%2Fcmsmedia%2F81%2F43%2F5875e9864a6595de296eecc587fd%2F160727-university-of-kansas-hero-stock.jpg,https://www.usnews.com/dims4/USNEWS/b5878c1/17177859217/resize/170x170/quality/85/?url=www.usnews.com%2Fcmsmedia%2F81%2F43%2F5875e9864a6595de296eecc587fd%2F160727-university-of-kansas-hero-stock.jpg,overall,National Universities,#115,47.0,True,,,,ranked,115,national-universities,,,national-universities,universityofkansas,KS,26592,ku,155317,66045
118,118,83.0,24.0,University of St Thomas University of Saint Thomas,2.7,St. Paul,34299.0,University of St. Thomas,3.1,6111.0,3.6,private,True,False,,115,55.0,2345,https://www.usnews.com/img/college-photo_30283.jpg,https://www.usnews.com/img/college-photo_30283_170x170mm.jpg,overall,National Universities,#115,47.0,True,,,,ranked,115,national-universities,,1050.0,national-universities,universityofstthomas,MN,41133,university-of-st-thomas-minnesota,174914,55105
119,119,80.0,23.0,CUA,,Washington,35518.0,The Catholic University of America,2.0,3241.0,3.4,private,True,False,,120,54.0,1437,https://www.usnews.com/img/college-photo_1833.jpg,https://www.usnews.com/img/college-photo_1833_170x170mm.jpg,overall,National Universities,#120,46.0,True,,,,ranked,120,national-universities,,1040.0,national-universities,catholicuniversityofamerica,DC,44060,catholic-university,131283,20064
120,120,70.0,22.0,,3.0,Chicago,42438.0,DePaul University,,15407.0,3.6,private,True,False,,120,59.0,1671,https://www.usnews.com/img/college-photo_14885.jpg,https://www.usnews.com/img/college-photo_14885_170x170mm.jpg,overall,National Universities,#120,46.0,True,,,,ranked,120,national-universities,,1030.0,national-universities,depauluniversity,IL,39010,depaul-university,144740,60604
121,121,74.0,24.0,,2.6,Pittsburgh,29185.0,Duquesne University,,6039.0,3.7,private,True,False,,120,65.0,3258,https://www.usnews.com/img/college-photo_18781.jpg,https://www.usnews.com/img/college-photo_18781_170x170mm.jpg,overall,National Universities,#120,46.0,True,,,,ranked,120,national-universities,,1055.0,national-universities,duquesneuniversity,PA,36394,duquesne-university,212106,15282
122,122,75.0,23.0,Mizzou,3.0,Columbia,27962.0,University of Missouri,2.5,25898.0,,public,True,False,,120,33.0,2516,https://www.usnews.com/img/college-photo_7385.jpg,https://www.usnews.com/img/college-photo_7385_170x170mm.jpg,overall,National Universities,#120,46.0,True,,,,ranked,120,national-universities,,1020.0,national-universities,universityofmissouri,MO,26506,university-of-missouri,178396,65211
123,123,68.0,24.0,,2.5,Potsdam,33669.0,Clarkson University,2.6,3268.0,3.6,private,True,False,,124,79.0,2699,https://www.usnews.com/img/college-photo_23146.jpg,https://www.usnews.com/img/college-photo_23146_170x170mm.jpg,overall,National Universities,#124,45.0,True,,,,ranked,124,national-universities,,1080.0,national-universities,clarksonuniversity,NY,47950,clarkson-university,190044,13699
124,124,78.0,22.0,,2.9,Fort Collins,39497.0,Colorado State University,2.8,25177.0,3.6,public,True,False,,124,16.0,1350,https://www.usnews.com/img/college-photo_4387.jpg,https://www.usnews.com/img/college-photo_4387_170x170mm.jpg,overall,National Universities,#124,45.0,True,,,,ranked,124,national-universities,,1020.0,national-universities,coloradostateuniversity,CO,29140,colorado-state-university,126818,80523
125,125,76.0,25.0,,2.1,Houghton,38217.0,Michigan Technological University,2.8,5829.0,3.7,public,True,False,,124,28.0,2292,https://www.usnews.com/img/college-photo_28099.jpg,https://www.usnews.com/img/college-photo_28099_170x170mm.jpg,overall,National Universities,#124,45.0,True,,,,ranked,124,national-universities,,1073.0,national-universities,michigantechnologicaluniversity,MI,32318,michigan-tech,171128,49931
126,126,67.0,23.0,,2.8,South Orange,,Seton Hall University,,5956.0,3.6,private,True,False,,124,,2632,https://www.usnews.com/img/college-photo_20882.jpg,https://www.usnews.com/img/college-photo_20882_170x170mm.jpg,overall,National Universities,#124,45.0,True,,,,ranked,124,national-universities,,1070.0,national-universities,setonhalluniversity,NJ,40588,seton-hall-university-new-jersey,186584,7079
127,127,79.0,21.0,,3.7,Tucson,35051.0,University of Arizona,3.1,34072.0,3.5,public,True,False,,124,29.0,1083,https://www.usnews.com/img/college-photo_26541.jpg,https://www.usnews.com/img/college-photo_26541_170x170mm.jpg,overall,National Universities,#124,45.0,True,,,,ranked,124,national-universities,,970.0,national-universities,universityofarizona,AZ,32449,university-of-arizona,104179,85721
128,128,66.0,21.0,UC Riverside University of California Riverside,3.0,Riverside,41753.0,University of California--Riverside,2.6,19799.0,3.7,public,True,False,,124,15.0,1316,https://www.usnews.com/img/college-photo_1538.jpg,https://www.usnews.com/img/college-photo_1538_170x170mm.jpg,overall,National Universities,#124,45.0,True,,,,ranked,124,national-universities,,940.0,national-universities,universityofcaliforniariverside,CA,41931,ucr,110671,92521
129,129,60.0,24.0,,2.5,Dayton,34204.0,University of Dayton,2.2,8330.0,3.7,private,True,False,,124,46.0,3127,https://www.usnews.com/img/college-photo_4235.jpg,https://www.usnews.com/img/college-photo_4235_170x170mm.jpg,overall,National Universities,#124,45.0,True,,,,ranked,124,national-universities,,1030.0,national-universities,universityofdayton,OH,41750,university-of-dayton,202480,45469
130,130,75.0,22.0,University of Nebraska Lincoln,3.2,Lincoln,28968.0,University of Nebraska--Lincoln,2.6,20833.0,3.5,public,True,False,,124,21.0,2565,https://www.usnews.com/img/college-photo_32898.jpg,https://www.usnews.com/img/college-photo_32898_170x170mm.jpg,overall,National Universities,#124,45.0,True,,,,ranked,124,national-universities,,990.0,national-universities,universityofnebraskalincoln,NE,23256,university-of-nebraska,181464,68588
131,131,62.0,24.0,,2.7,Hempstead,40205.0,Hofstra University,3.0,6899.0,3.6,private,True,False,,132,61.0,2732,https://www.usnews.com/img/college-photo_32913.jpg,https://www.usnews.com/img/college-photo_32913_170x170mm.jpg,overall,National Universities,#132,44.0,False,,,,ranked,132,national-universities,,1070.0,national-universities,hofstrauniversity,NY,43960,hofstra-university,191649,11549
132,132,76.0,23.0,LSU Baton Rouge Louisiana State University Baton Rouge Louisiana State University Baton Rouge,2.8,Baton Rouge,40711.0,Louisiana State University--Baton Rouge,2.5,26118.0,3.4,public,True,False,,133,14.0,2010,https://www.usnews.com/img/college-photo_33084.jpg,https://www.usnews.com/img/college-photo_33084_170x170mm.jpg,overall,National Universities,#133,43.0,True,,,,ranked,133,national-universities,,1010.0,national-universities,louisianastateuniversitybatonrouge,LA,28051,lsu-baton-rouge,159391,70803
133,133,69.0,25.0,,2.2,Macon,26615.0,Mercer University,3.0,4706.0,3.8,private,True,False,,133,67.0,1580,https://www.usnews.com/img/college-photo_30670.jpg,https://www.usnews.com/img/college-photo_30670_170x170mm.jpg,overall,National Universities,#133,43.0,True,,,,ranked,133,national-universities,,1100.0,national-universities,merceruniversity,GA,36000,mercer-university,140447,31207
134,134,60.0,23.0,,,New York,50853.0,The New School,,7014.0,3.3,private,True,False,,133,41.0,20662,https://www.usnews.com/img/college-photo_16501.jpg,https://www.usnews.com/img/college-photo_16501_170x170mm.jpg,overall,National Universities,#133,43.0,True,,,,ranked,133,national-universities,,1030.0,national-universities,newschool,NY,47330,new-school,193654,10011
135,135,65.0,,"Rutgers University Rutgers, the State University of New Jersey Newark",2.9,Newark,38949.0,Rutgers University--Newark,,8170.0,,public,True,False,,133,26.0,2631,https://www.usnews.com/img/college-photo_1687.jpg,https://www.usnews.com/img/college-photo_1687_170x170mm.jpg,overall,National Universities,#133,43.0,True,,,,ranked,133,national-universities,,910.0,national-universities,rutgersuniversitynewark,NJ,29480,rutgers-newark,186399,7102
136,136,63.0,23.0,,3.2,Fayetteville,33514.0,University of Arkansas,2.5,22548.0,3.7,public,True,False,,133,16.0,1108,https://www.usnews.com/img/college-photo_22755.jpg,https://www.usnews.com/img/college-photo_22755_170x170mm.jpg,overall,National Universities,#133,43.0,True,,,,ranked,133,national-universities,,1010.0,national-universities,universityofarkansas,AR,24308,university-of-arkansas,106397,72701
137,137,76.0,23.0,,2.9,Cincinnati,35124.0,University of Cincinnati,2.6,25860.0,3.6,public,True,False,,133,28.0,3125,https://www.usnews.com/img/college-photo_32541.jpg,https://www.usnews.com/img/college-photo_32541_170x170mm.jpg,overall,National Universities,#133,43.0,True,,,,ranked,133,national-universities,,1030.0,national-universities,universityofcincinnati,OH,26334,university-of-cincinnati,201885,45221
138,138,91.0,22.0,,3.0,Lexington,,University of Kentucky,2.5,22621.0,3.7,public,True,False,,133,,1989,https://www.usnews.com/img/college-photo_21807.jpg,https://www.usnews.com/img/college-photo_21807_170x170mm.jpg,overall,National Universities,#133,43.0,True,,,,ranked,133,national-universities,,980.0,national-universities,universityofkentucky,KY,28046,university-of-kentucky,157085,40506
139,139,81.0,24.0,GMU,3.0,Fairfax,38588.0,George Mason University,2.4,23812.0,3.7,public,True,False,,140,39.0,3749,https://www.usnews.com/img/college-photo_21983.jpg,https://www.usnews.com/img/college-photo_21983_170x170mm.jpg,overall,National Universities,#140,42.0,True,,,,ranked,140,national-universities,,1060.0,national-universities,georgemasonuniversity,VA,34370,gmu,232186,22030
140,140,59.0,23.0,NJIT,2.4,Newark,18674.0,New Jersey Institute of Technology,2.6,8211.0,3.5,public,True,False,,140,35.0,2621,https://www.usnews.com/img/college-photo_33255.jpg,https://www.usnews.com/img/college-photo_33255_170x170mm.jpg,overall,National Universities,#140,42.0,True,,,,ranked,140,national-universities,,1110.0,national-universities,newjerseyinstituteoftechnology,NJ,31034,njit,185828,7102
141,141,35.0,23.0,SDSU,2.9,San Diego,31354.0,San Diego State University,2.5,29853.0,3.7,public,True,False,,140,32.0,1151,https://www.usnews.com/img/college-photo_15698.jpg,https://www.usnews.com/img/college-photo_15698_170x170mm.jpg,overall,National Universities,#140,42.0,True,,,,ranked,140,national-universities,,1000.0,national-universities,sandiegostateuniversity,CA,19340,sdsu,122409,92182
142,142,47.0,24.0,,2.5,Tampa,23103.0,University of South Florida,2.4,31461.0,3.9,public,True,False,,140,25.0,1537,https://www.usnews.com/img/college-photo_14496.jpg,https://www.usnews.com/img/college-photo_14496_170x170mm.jpg,overall,National Universities,#140,42.0,True,,,,ranked,140,national-universities,,1070.0,national-universities,universityofsouthflorida,FL,17324,usf,137351,33620
143,143,72.0,20.0,,2.8,Pullman,30666.0,Washington State University,2.8,24904.0,3.4,public,True,False,,140,37.0,3800,https://www.usnews.com/img/college-photo_8117.jpg,https://www.usnews.com/img/college-photo_8117_170x170mm.jpg,overall,National Universities,#140,42.0,True,,,,ranked,140,national-universities,,930.0,national-universities,washingtonstateuniversity,WA,25817,washington-state,236939,99164
144,144,94.0,22.0,,2.8,Manhattan,34621.0,Kansas State University,2.7,19472.0,3.5,public,True,False,,145,22.0,1928,https://www.usnews.com/img/college-photo_14242.jpg,https://www.usnews.com/img/college-photo_14242_170x170mm.jpg,overall,National Universities,#145,41.0,True,,,,ranked,145,national-universities,,950.0,national-universities,kansasstateuniversity,KS,24775,ksu,155399,66506
145,145,77.0,22.0,,2.7,Corvallis,36636.0,Oregon State University,2.8,25327.0,3.7,public,True,False,,145,34.0,3210,https://www.usnews.com/img/college-photo_20198.jpg,https://www.usnews.com/img/college-photo_20198_170x170mm.jpg,overall,National Universities,#145,41.0,True,,,,ranked,145,national-universities,,990.0,national-universities,oregonstateuniversity,OR,29457,oregon-state,209542,97331
146,146,65.0,22.0,St John Fisher College Saint John Fisher College,2.1,Rochester,28750.0,St. John Fisher College,,2786.0,3.6,private,True,False,,145,81.0,2821,https://www.usnews.com/img/college-photo_2071.jpg,https://www.usnews.com/img/college-photo_2071_170x170mm.jpg,overall,National Universities,#145,41.0,True,,,,ranked,145,national-universities,,970.0,national-universities,stjohnfishercollege,NY,33120,st-john-fisher-college,195720,14618
147,147,74.0,21.0,UIC University of Illinois Chicago,3.0,Chicago,39033.0,University of Illinois--Chicago,2.8,17959.0,3.3,public,True,False,,145,31.0,1776,,,overall,National Universities,#145,41.0,True,,,,ranked,145,national-universities,,990.0,national-universities,universityofillinoischicago,IL,27672,uic,145600,60607
148,148,78.0,22.0,Ole Miss,2.8,University,27943.0,University of Mississippi,2.1,19213.0,3.6,public,True,False,,145,24.0,2440,https://www.usnews.com/img/college-photo_19940.jpg,https://www.usnews.com/img/college-photo_19940_170x170mm.jpg,overall,National Universities,#145,41.0,True,,,,ranked,145,national-universities,,1000.0,national-universities,universityofmississippi,MS,23554,university-of-mississippi,176017,38677
149,149,68.0,25.0,University of Texas Dallas,3.1,Richardson,37028.0,University of Texas--Dallas,2.6,17350.0,,public,True,False,,145,28.0,9741,https://www.usnews.com/img/college-photo_2300.jpg,https://www.usnews.com/img/college-photo_2300_170x170mm.jpg,overall,National Universities,#145,41.0,True,,,,ranked,145,national-universities,,1140.0,national-universities,universityoftexasdallas,TX,33654,university-of-texas-dallas,228787,75080
